{
    "app_name": "NovaVerse Infinity",
    "description": "The ultimate expandable universe explorer.",
    "objects": [
        {
            "name": "Sun",
            "type": "Star",
            "age": "4.6 billion years",
            "description": "The star at the center of our solar system.",
            "distance_from_earth": "93 million miles"
        },
        {
            "name": "Moon",
            "type": "Moon",
            "age": "4.5 billion years",
            "description": "Earth's only natural satellite.",
            "distance_from_earth": "238,855 miles"
        },
        {
            "name": "Earth",
            "type": "Planet",
            "age": "4.54 billion years",
            "description": "The only known planet to support life.",
            "distance_from_sun": "93 million miles"
        },
        {
            "name": "Milky Way",
            "type": "Galaxy",
            "age": "13.6 billion years",
            "description": "Our home galaxy, containing billions of stars."
        }
    ]
}